번호,의안번호,법률안명,제안자구분,소관위원회,주요내용,의견수,date
1,2212672,개인정보 보호법 일부개정법률안 (박정하의원 등 10인),의원,정무위원회,"제안이유 및 주요내용



  현행 개인정보보호법은 기업이나 기관이 개인정보를 제대로 관리하지 않아 유출ㆍ도난 등이 발생했을 경우, 정부가 과징금을 부과할 수 있도록 하고 있음. 그러나 이 과징금은 전액 국고로 귀속되며, 실제 피해를 입은 정보주체는 보상받기 위해 별도로 민사소송을 제기해야 함. 

  기술적ㆍ관리적ㆍ물리적 보호조치의 미흡으로 개인정보 유출 사고가 반복되고 있으나, 피해자는 시간ㆍ비용 부담으로 인해 소송을 포기하는 경우가 많고 실질적인 보상을 받기 어려움. 이로 인해 피해는 국민이 입고, 과징금은 정부가 가져가는 구조적 비대칭에 대한 비판이 지속되고 있음.

  이에 개인정보보호위원회에 개인정보피해보상기금을 설치하여 개인정보의 분실ㆍ도난ㆍ유출ㆍ위조ㆍ변조 또는 훼손으로 인하여 손해를 입은 정보주체의 보호 및 지원에 기금을 사용하도록 함으로써 정보주체의 손해를 실질적으로 보전하려는 것임(안 제39조의16부터 제39조의22까지 신설).





참고사항



  이 법률안은 박정하의원이 대표발의한 「국가재정법 일부개정법률안」(의안번호 제호)의 의결을 전제로 하는 것이므로 같은 법률안이 의결되지 아니하거나 수정 의결되는 경우에는 이에 맞추어 조정되어야 할 것임.",7193,20250903
2,2212113,개인정보 보호법 일부개정법률안 (김현정의원 등 13인),의원,정무위원회,"제안이유



  최근 빅데이터 및 인공지능 기술의 급속한 발전으로 인해 개인정보 처리 과정에서 프로파일링의 활용이 증가하고 있으며, 그 영향력 또한 확대되고 있으나 현행 법령에서는 이에 대한 명확한 개념 정의가 미비한 실정임. 

  한편, 현행법상 개인정보의 수집ㆍ이용, 제3자 제공, 목적 외 이용ㆍ제공과 관련하여 정보주체에 대한 고지의무가 정보주체의 ‘동의’가 있는 경우로 한정되어 있으나 동의 외의 법적 근거에 따라 처리하는 경우에도 정보주체의 알 권리를 보장하고 투명성을 제고할 수 있도록 고지의무를 확대할 필요가 있음. 

  또한, 정보주체의 열람권 보장 범위 확대를 통하여 개인정보 자체에 대한 열람뿐만이 아닌 개인정보가 어떠한 방식으로 처리되고 있는지에 대한 정보까지 열람할 수 있도록 함으로써 정보주체의 자기정보 통제권을 실질적으로 강화할 필요가 있음. 

  이에 프로파일링의 개념을 명확히 규정하고, 개인정보 처리와 관련한 사항을 정보주체에게 알리도록 하며, 열람권 보장 범위를 확대하여 개인정보 처리의 투명성을 제고하고 개인정보 보호체계를 강화하려는 것임.





주요내용



가. 프로파일링의 개념을 명확히 규정함(안 제2조제2호의2 신설). 

나. 개인정보의 수집ㆍ이용, 제3자 제공, 목적 외 이용ㆍ제공과 관련하여 정보주체의 동의를 받지 아니하는 경우에도 개인정보처리자가 정보주체에게 처리사항을 알리도록 하여 정보주체의 알 권리를 보장함(안 제15조, 제17조, 제18조).

다. 정보주체의 열람권 보장 범위를 확대하여 정보주체의 자기정보 통제권을 강화함(안 제35조).",10953,20250812
3,2211923,개인정보 보호법 일부개정법률안 (이정문의원 등 14인),의원,정무위원회,"제안이유 및 주요내용



  현행법은 개인정보보호위원회가 개인정보 유출 등의 위반행위가 발생하거나 발생할 우려가 있는 경우, 개인정보처리자에게 관계 서류 등의 자료를 제출하도록 요구하고, 이를 거부하거나 거짓 자료를 제출한 경우에는 벌칙 또는 과태료를 부과할 수 있도록 규정하고 있음.

  그러나 자료제출 요구에 대하여 제출을 고의로 지연하는 경우에 대해서는 별도의 제재 규정이 없어, 일부 개인정보처리자가 이를 악용하여 자료 제출을 불성실하게 이행하고, 그로 인하여 위법행위에 대한 조사 및 조치가 지연되는 사례가 발생하고 있음.

  이에 개인정보처리자의 자료제출 기한을 원칙적으로 60일 이내로 정하고, 부득이한 경우에 한하여 1회에 한해 30일의 범위에서 연장할 수 있도록 하며, 정당한 사유 없이 자료 제출을 지연한 경우에도 추가적인 과태료를 부과할 수 있도록 하여 제도의 실효성을 높이고자 함(안 제63조제2항 신설, 제75조의2 신설 등).",7752,20250801
4,2211911,개인정보관련 집단소송법안 (전용기의원 등 15인),의원,법제사법위원회,"제안이유



  정보통신기술의 발전과 디지털 서비스의 확대에 따라 대규모 개인정보가 수집ㆍ이용되는 사례가 급증하고 있으며, 이로 인한 개인정보 유출ㆍ침해 사고도 지속적으로 발생하고 있음.

  그러나 개인정보 침해 피해자는 소송 비용 부담, 소송 절차의 복잡성, 개별 손해액의 소액성 등의 이유로 민사상 권리구제를 받기 어려운 구조적 한계를 지니고 있음.

  이에 따라 개인정보 침해로 인한 집단적 피해를 효율적이고 실질적으로 구제하기 위하여 피해자 일부가 제기한 소송을 통해 전체 피해자가 함께 구제받을 수 있는 집단소송제도를 개인정보 침해 분야에 한정하여 도입하고자 함.

  이를 통해 국민의 개인정보 자기결정권과 사생활의 권리를 실질적으로 보호할 수 있는 제도적 기반을 마련하려는 것임.





주요내용



가. 이 법은 개인정보의 유출 또는 침해로 인해 공통의 이익을 가진 다수인에게 집단적인 피해가 발생한 경우에 그중 1인 또는 수인이 대표당사자가 되어 손해배상을 청구하는 소송을 제기하고, 이에 관한 재판에 국민이 참여할 수 있도록 함으로써 개인정보 관련 분쟁에 따른 집단적 분쟁을 효율적이고 공정하게 해결하기 위하여 「민사소송법」에 대한 특례를 정함을 목적으로 함(안 제1조).

나. 소 제기와 함께 소송허가신청서를 제출하여야 하며, 인지액은 일반 민사소송의 1/2로 감액하고 상한액은 5천만 원으로 제한하며 소장 및 허가신청서에는 구성원, 청구 원인, 소송대리인, 총원의 범위 등을 기재하여야 함(안 제7조부터 제9조까지).

다. 법원은 소 제기 사실, 청구 내용, 총원의 범위, 대표당사자 신청 안내 등을 10일 이내 공고해야 하고 공고 후 50일 이내에 대표당사자를 선임해야 함(안 제10조).

라. 대표당사자는 총원의 이익을 공정하게 대표할 수 있는 구성원이어야 하고, 소송대리인은 총원의 이익을 적절히 대리할 수 있는 자로서 이해충돌이 없어야 함(안 제5조 및 제11조).

마. 소송허가 요건으로는 ① 구성원이 50인 이상일 것, ② 공통의 법률ㆍ사실상 쟁점 존재, ③ 개인정보관련집단소송이 적합하고 효율적인 수단일 것, ④ 신청서 기재사항과 첨부서류에 흠이 없을 것 등의 요건을 요하고, 법원은 필요시 감독기관으로부터 자료 수집, 대표당사자 및 피고를 심문 후 허가 여부 결정 및 감독기관으로부터 자료 수집 가능함(안 제12조 및 제13조).

바. 소송허가 결정이 확정되면 법원은 구성원에게 고지해야 하며, 해당 내용을 감독기관도 공시해야 함(안 제18조 및 제19조).

사. 제외신고 기간 내에 서면 제출 시 소송에서 제외 가능하며, 개별소송 제기 시에도 제외한 것으로 간주됨(안 제28조).

아. 판결서에는 총원의 범위, 제외신고자 등을 명시하고 금전지급 판결 시에는 유예ㆍ분할지급이 가능하며 확정판결은 제외신고를 하지 않은 구성원 전원에게 기판력 발생함(제36조 및 제37조).

자. 대표당사자는 집행권원(執行權原)을 취득하였을 때에는 지체 없이 그 권리를 실행하여야 하고, 권리실행이 끝나면 그 결과를 법원에 보고하여야 함(안 제40조).

차. 구성원은 분배계획에서 정하는 바에 따라 권리신고 기간 내에 분배관리인에게 권리를 신고하여야 하고, 분배관리인은 권리신고를 한 자 및 피고에게 권리확인의 결과를 통지하여야 함(안 제49조).",10310,20250801
5,2211726,개인정보 보호법 일부개정법률안 (박덕흠의원 등 12인),의원,정무위원회,"제안이유 및 주요내용



  현행법은 개인정보처리자가 개인정보 유출 사실을 알게 되었을 때에는 “지체 없이” 통지ㆍ신고하도록 규정하고 있으나, 그 시간 기준과 인지 시점 정의가 불명확하여 신고 기한 판단에 혼선을 주고 있음.

  이로 인해 개인정보처리자는 신고 시점을 두고 자의적 해석을 하거나, 지연 통지로 인한 이용자 피해 발생 시 책임 회피가 가능하다는 문제점이 있음.

  이에 개인정보가 유출되었음을 알게 된 시점을 “유출 사실을 알게 되었거나, 합리적으로 요구되는 충분한 주의의무를 다하였다면 알 수 있었던 때”로 정의하고, 그로부터 24시간 이내에 통지ㆍ신고하도록 규정하여 개인정보처리자의 통지ㆍ신고 의무를 실효적으로 확보하려는 것임(안 제34조제1항ㆍ제3항 등).",5937,20250725
6,2211555,개인정보 보호법 일부개정법률안 (민병덕의원 등 14인),의원,정무위원회,"제안이유 및 주요내용



  현행법은 개인정보 유출 시 그 대상자를 특정할 수 없는 경우 홈페이지 게시 등으로 개별 통지를 갈음할 수 있도록 하고 있음. 

  그러나 최근 SKT 해킹 사고에서 드러난 바와 같이, 유심(USIM) 고유식별정보, 인증키 등 신원 인증에 활용되는 정보가 유출될 경우, 금융사기 등 2차 피해로 이어질 가능성이 매우 높음에도, 개인정보처리자의 늑장 대응으로 인해 개인정보 유출 사실이 정보주체에게 뒤늦게 통지되는 사례가 발생하고 있음.   

  이에, 유출된 개인정보의 위험성이 크고 신속한 대응이 필요한 경우에는 피해자의 특정 여부와 관계없이, 개인정보처리자가 유출 우려가 있는 개인정보주체 전원에게 이를 개별 통지하도록 의무화하고, 그 대상이 되는 개인정보의 기준을 개인정보보호위원회 고시로 정하도록 함으로써 ‘제2의 SKT 해킹 사태’와 같은 사고 발생 시에도 개인정보 처리자와 정보주체의 신속한 대응이 가능하도록 해 개인정보 자기결정권을 실질적으로 보호하고자 함(안 제34조제2항 신설 등).",7742,20250709
7,2211381,개인정보 보호법 일부개정법률안 (인요한의원 등 13인),의원,정무위원회,"제안이유 및 주요내용



  현행법은 개인정보 유출 시 유출된 항목, 시점, 대응 조치 등 법정사항을 정보주체에게 개별적으로 통지하도록 정하면서 예외적인 경우 홈페이지 공지로 이를 갈음할 수 있도록 하고 있음.

  그러나 유출된 개인정보의 정보주체를 특정할 수 없는 경우에 개인정보가 유출된 사실을 홈페이지 공지로 갈음하도록 하는 것은 정보주체가 본인의 개인정보 유출 여부를 신속히 파악하기 어렵게 하고, 적절한 대응조치를 취할 기회를 놓치게 만들어 개인정보보호에 미흡하다는 지적이 있음.

  이에 대통령령으로 정하는 규모 이상의 정보주체에 관한 개인정보가 유출이 된 경우로서 유출이 된 개인정보의 정보주체를 특정할 수 없는 경우에는 유출이 확인되었거나 유출의 가능성이 있는 모든 정보주체에게 법정 통지사항을 개별적으로 통지할 것을 의무화하여 정보주체의 권리 보호를 강화하고, 개인정보처리자의 책임 있는 대응을 유도하려는 것임(안 제34조제2항 신설 등).",5213,20250709
8,2211311,개인정보 보호법 일부개정법률안 (김우영의원 등 16인),의원,정무위원회,"제안이유 및 주요내용



  현행법은 개인정보처리자로 하여금 고유식별정보가 분실ㆍ도난ㆍ유출ㆍ위조ㆍ변조 또는 훼손되지 아니하도록 암호화 조치를 통하여 안전하게 보관하도록 규정하고 있으며, 필요한 사항에 대하여 대통령령으로 정하는 바에 따르도록 하고 있음.

  그런데 이동통신 서비스에서 필수적 정보인 범용 가입자식별모듈에 연계된 정보의 경우 암호화 조치가 의무화되어 있지 않아 가입자식별모듈 침해사고가 발생한 경우 정보주체를 침해 피해로부터 법적으로 보호할 수 있는 근거가 미비함.

  이에 개인정보의 암호화 조치 의무화 대상에 가입자식별모듈정보 등 필수적인 개인정보를 규정하여 정보주체의 개인정보를 보다 안전하게 보호하려는 것임(안 제29조).",6958,20250707
9,2210936,개인정보 보호법 일부개정법률안 (최민희의원 등 12인),의원,정무위원회,"제안이유 및 주요내용



  현행법은 개인정보 유출 시 유출된 항목, 시점, 대응 조치 등 법정사항을 정보주체에게 개별적으로 통지하도록 정하면서 예외적인 경우 홈페이지 공지로 이를 갈음할 수 있도록 하고 있음.  

  그러나, 개인정보처리자가 유출 사고에도 불구하고 법정 사항에 대한 개별적 통지 없이 홈페이지에 간략한 안내만을 게시한 것은 본인의 개인정보 유출 여부를 신속히 파악하기 어렵게 하고, 적절한 대응조치를 취할 기회를 놓치게 만들어 추가적인 유출 위험에 취약하다는 지적이 있음.

  이에 유출된 개인정보의 정보주체를 특정할 수 없고, 유출 규모가 대통령령으로 정한 기준 이상일 경우에는 유출등이 확인된 정보주체 및 유출의 가능성이 있는 모든 정보주체에게 법정 통지사항을 개별적으로 통지할 것을 의무화하여 정보주체의 권리 보호를 강화하고, 개인정보처리자의 책임 있는 대응을 유도하려는 것임(안 제34조제2항 신설 등).",6564,20250619
10,2210795,개인정보 보호법 일부개정법률안 (이헌승의원 등 13인),의원,정무위원회,"제안이유 및 주요내용



  「정보통신망 이용촉진 및 정보보호 등에 관한 법률」은 해킹ㆍ악성코드 등으로 인한 보안침해 사고 발생 시 24시간 이내에 관계 기관에 신고하도록 의무를 규정하고 있는 반면, 현행법령은 개인정보 유출 등의 사고가 일어난 경우 그 유출을 인지한 때로부터 72시간 이내에 신고하도록 정하여 제도상 신고 기한의 불일치가 발생하고 있음.

  이로 인해 운영 주체가 동일하거나 유사한 사고에 대하여 서로 다른 신고 기준을 적용받게 되어, 현장 혼선과 불필요한 행정 부담이 가중될 우려가 있음.

  또한, 현행법은 대통령령에서 정하고 있는 신고기한인 72시간을 초과하여 신고하는 경우에 대한 명확한 제재 규정이 없어 신고 의무를 실효성 있게 담보하기 어렵다는 지적이 있음.

  이에 개인정보 유출ㆍ침해 사고를 인지한 때로부터 24시간 이내에 관계 기관에 신고하도록 의무를 강화하고, 이행하지 아니할 경우 과태료를 부과할 수 있도록 하여 법체계의 일관성을 확보하고, 개인정보 처리자의 책임 의식을 제고하여 국민의 개인정보 보호 수준을 실질적으로 강화하려는 것임(안 제34조제3항).",5514,20250613
11,2210762,개인정보 보호법 일부개정법률안 (이해민의원 등 12인),의원,정무위원회,"제안이유 및 주요내용



  최근 SKT 내부망이 해커의 공격을 받아 가입자 정보가 외부로 유출되는 보안 사고가 발생했음. 이는 대규모 피해로 이어질 수 있는 중대한 침해사고임에도 불구하고, 정보 주체인 이용자는 이 사실을 신속하고 충분하게 전달받지 못함. 사고 발생 후 4일이 지나서 회사 홈페이지 공지가 올라왔고, 개별 문자 안내는 5일이 지난 시점부터 이루어졌음. 통지 내용이 구체적이지 않아, 이용자가 사태의 심각성이나 향후 예상되는 위험 및 필요한 대응 방안을 제대로 인지할 수 없었음.

  이처럼 침해사고 자체뿐 아니라, 사고 발생 이후 미흡한 후속 조치가 소비자 불안과 사회 혼란을 더욱 증폭시킨다는 지적이 있음.

  이에 유출 항목에 대한 통지 내용을 구체화하고, 개별 통지를 의무화하고자 함. 또한 개인정보처리자가 사고 발생 후 후속 조치 계획을 수립하여 개인정보보호위원회 및 정보 주체에게 이를 알리도록 함으로써, 사고 수습과 재발 방지 체계에 대한 책임성을 강화하고자 함(안 제34조).",5110,20250612
12,2210294,개인정보 보호법 일부개정법률안 (이정문의원 등 10인),의원,정무위원회,"제안이유 및 주요내용



  현행법은 개인정보의 안전한 관리를 위한 보호조치 기준을 정하고 있으나 개인정보 유출사고가 지속적으로 발생하고 있으며 그 피해는 국민 개개인의 일상생활과 재산권에 심각한 영향을 미치고 있음. 

  특히 2025년 4월 22일, 2500만 명의 가입자를 보유한 SK텔레콤의 대규모 USIM 정보 유출 사고 발생 사례와 같이 대규모 개인정보를 수집하는 기업의 사고가 반복적으로 발생하고 유출된 개인정보가 불법거래 사이트를 통해 유통되면서 2차 피해로 이어지는 사례가 빈번함에도 불구하고 유출 당사자인 개인정보처리자가 사후적으로 유통 실태를 추적하고 확산을 방지하는 노력이 미흡하다는 지적이 있음. 

  이에 일정 건수 이상의 개인정보 유출사고가 발생한 경우 등 개인정보가 유출된 경우 일정 기간 동안 불법거래 사이트 등을 모니터링하고 유출 정보의 고발 등 후속 조치를 수행하도록 하여 개인정보처리자의 정보보호 책임을 강화하고 실질적인 피해자 보호방안을 도입하려는 것임(안 제34조의3 신설 등).",6252,20250501
13,2208904,개인정보 보호법 일부개정법률안 (고동진의원 등 10인),의원,정무위원회,"제안이유 및 주요내용



  최근, 미국ㆍ유럽연합(EU) 등 주요 국가의 인공지능(AI) 기술 개발을 위한 대규모 투자계획 발표 등 글로벌 인공지능(AI) 주도권 확보를 위한 국가 간 경쟁이 가속화되고 있음. 

  특히, 첨단의료, 모빌리티, 로보틱스 등 국가경쟁력을 좌우하는 신산업 분야, 재난 및 범죄예방 등 국민 안전과 밀접한 공익적 필요가 높은 분야 등에서의 개인정보가 포함된 데이터 활용에 대한 요구와 필요성이 점점 커지고 있음.

  이와 함께, 인공지능(AI) 기술과 데이터 처리 과정의 복잡성으로 인해 개인정보 처리 과정의 투명성 강화에 대한 요청도 증가하고 있어 지속가능한 인공지능(AI) 발전을 위한 국민 신뢰 및 안전관리 확보를 위한 방안을 마련할 필요가 있음. 

  이에 인공지능(AI) 기술을 개발하거나 성능을 개선하기 위해 필요한 경우에는 강화된 안전조치 및 정보주체의 권리 보장 방안 등을 마련하여 개인정보 보호위원회의 심의ㆍ의결을 거친 때에는 인공지능(AI) 등 기술 개발 및 성능 개선을 위해 적법하게 수집한 개인정보를 활용할 수 있도록 하고, 민감정보 등의 처리로 인해 정보주체의 권리 또는 이익에 중대한 영향을 미치거나 위험 우려가 있는 경우에는 위험요인 평가를 하도록 하며, 개인정보 보호위원회의 동일ㆍ유사한 심의ㆍ의결이 있었던 경우 등에는 심의ㆍ의결 절차를 간소화할 수 있도록 하되 심의ㆍ의결한 주요 내용을 인터넷 홈페이지에 공개하도록 하는 한편, 개인정보 보호위원회가 주기적으로 이행 점검 등 엄격한 관리ㆍ감독을 하도록 하여 개인정보가 안전하게 처리되도록 하려는 것임(안 제28조의12 및 제28조의13 신설).",10675,20250313
14,2208067,개인정보 보호법 일부개정법률안 (김태선의원 등 14인),의원,정무위원회,"제안이유 및 주요내용



  현행법에는 개인정보처리자의 정당한 이익을 달성하기 위하여 필요한 경우, 그 이익이 정보주체의 권리보다 명백히 우선하는 경우에는 개인정보처리자가 개인정보를 수집할 수 있으며 그 수집 목적의 범위에서 이용할 수 있도록 하고 있음.

  그런데 인공지능(AI) 기술이 발전함에 따라 인공지능이 공개된 개인정보를 학습하는 과정에서 정보주체의 동의를 받아야 하는지 여부가 불명확하여 법령 해석 또는 판례에 비추어 판단해야 하는 상황임.

  이에 정보주체가 스스로 사회관계망서비스 등에 직접 또는 제3자를 통하여 공개한 개인정보에 대해서는 정보주체의 동의 없이 수집할 수 있도록 하되, 그 범위는 해당 정보주체의 동의가 있었다고 객관적으로 인정되는 범위 내로 한정하도록 함으로써 인공지능 기술의 발전에 따른 법 적용의 모호함을 해소하고, 정보주체의 권리보호와 인공지능 기술 발전 간의 균형을 도모하고자 함(안 제15조제4항 신설).",12785,20250211
15,2207858,개인정보 보호법 일부개정법률안 (민병덕의원 등 10인),의원,정무위원회,"제안이유 및 주요내용



  인공지능(AI) 기술 발전을 뒷받침하기 위해서는 학습데이터를 확보하여 활용할 수 있도록 데이터 처리 방식의 변화, 사회적 요구 등을 유연하게 포섭할 수 있어야 함. 

  특히, 인공지능(AI) 기술 개발 및 성능 개선을 통해 사회적 안전망 확보, 범죄예방 등 공익적 필요가 높은 분야, 산업경쟁력 제고를 위해 인공지능(AI) 기술 개발이 시급한 분야 등에서의 개인정보가 포함된 데이터 활용의 필요성이 커지고 있음.

  이와 함께, 인공지능(AI) 기술과 데이터 처리 과정의 복잡성으로 인해 개인정보 처리 과정의 투명성 강화에 대한 요청도 증가하고 있어 민감정보ㆍ고유식별정보 등 정보주체의 권리와 이익에 영향을 미치는 개인정보 처리가 발생하는 영역에서의 개인정보 처리의 위험요인 평가, 개인정보 처리 현황의 투명한 공개 등이 필요한 상황임.

  이에 인공지능(AI) 기술을 개발하거나 성능을 개선하기 위해 필요한 경우에는 강화된 안전조치 및 정보주체의 권리 보장 방안 등을 마련하여 개인정보 보호위원회의 심의ㆍ의결을 거친 때에는 인공지능(AI) 등 기술 개발 및 성능 개선을 위해 적법하게 수집한 개인정보를 활용할 수 있도록 하고, 이 과정에서 정보주체의 권리 침해가 발생하지 않도록 사전적으로 개인정보 처리방침을 통해 처리 현황을 투명하게 공개하고, 일정규모 이상의 민감정보ㆍ고유식병정보 등이 포함된 경우에는 위험요인 등을 평가하도록 하며, 사후적으로는 개인정보 보호위원회가 주기적으로 이행 점검 등 엄격한 관리ㆍ감독하도록 하여 개인정보가 안전하게 처리되도록 하려는 것임(안 제28조의12 및 제28조의13).",13330,20250131
16,2207854,개인정보 보호법 일부개정법률안 (강민국의원 등 11인),의원,정무위원회,"제안이유 및 주요내용



  최근 알리ㆍ테무 등 중국발 이커머스의 무분별한 개인정보 처리와 관련한 논란에서 확인할 수 있듯이, 해외사업자의 형식적인 국내대리인 제도 운영으로 국내 이용자의 권리가 제대로 보호되고 있지 않는 문제점이 있어 보완하고자 함

  현행 「개인정보 보호법」은 국내에 주소 또는 영업소가 없는 개인정보처리자는 개인정보 보호책임자의 업무, 개인정보 유출 등의 통지ㆍ신고 등을 대리하는 국내대리인을 지정하도록 하고 있고, 국내대리인을 지정하는 경우 국내대리인의 성명, 주소, 전화번호 등을 개인정보 처리방침에 포함하도록 하고 있으나,

  개인정보처리자의 국내대리인 관리ㆍ감독 의무에 대한 규정과 국내대리인의 지정 요건에 국내 소재 외에 그 형태나 운영방식에 대한 별도 규정이 없어 여러 국내대리인이 하나의 주소지를 두는 등 형식적으로 국내대리인을 지정하고 운영하는 문제가 발생하고, 국내대리인이 대리하는 업무가 개인정보 보호책임자의 업무 등으로 포괄적으로 규정되어 현실성이 없으며, 국내대리인 관리ㆍ감독 의무를 소홀히 한 경우와 개인정보 처리방침에 국내대리인의 전화번호 등을 누락한 경우 별다른 제재 수단이 없어 실효성이 낮다는 지적이 제기됨.

  이에 개인정보처리자에게 국내대리인 관리ㆍ감독 의무를 부과하고, 개인정보처리자가 국내 법인을 설립ㆍ운영 중인 경우 해당 법인을 국내대리인으로 지정하도록 하면서 국내대리인 관리ㆍ감독을 소홀히 하거나 지정 요건에 따라 국내대리인을 지정하지 않는 경우 및 개인정보 처리방침에 국내대리인의 전화번호 등을 미공개하는 경우에 과태료를 부과하여 국내대리인 제도를 보다 내실있게 운영하고자 함(안 제31조의2제1항ㆍ제2항 및 제75조제3항ㆍ제4항).",5699,20250131
17,2207581,개인정보 보호법 일부개정법률안 (이수진의원 등 10인),의원,정무위원회,"제안이유 및 주요내용



  생체정보는 안면인식을 활용한 출입통제, 스마트폰 잠금해제, 금융권의 본인인증 등 다양한 분야에서 활용되고 있으며, 최근 공연 또는 운동경기 입장권 구입 시에 생체정보를 활용하여 본인 확인을 강화하겠다는 입장권 판매업체의 계획도 발표됨.

  그런데 현행법에는 생체정보에 대한 별도의 규정을 두지 아니하고 「개인정보 보호법 시행령」에서 민감정보의 한 유형으로 규율하고 있어 생체정보 관련 사항을 법률에 명시적으로 규정할 필요가 있으며, 공연 또는 운동경기 입장권 구입 시에 생체정보를 의무적으로 제공하도록 하는 것은 민감정보를 필요 이상으로 과도하게 요구하는 것으로 이에 대한 관리가 필요하다는 의견이 제기됨.

  이에 현행법에 민감정보의 유형으로 지문ㆍ얼굴ㆍ홍채 및 손바닥 정맥 등 개인을 식별할 수 있는 생체정보를 추가하여 생체정보 관련 법적 근거를 명확하게 하며, 개인정보처리자가 민감정보를 처리하지 아니하고 재화 또는 서비스를 제공할 수 있는 경우에 정보주체에게 그 사실을 알리고 민감정보를 처리하지 아니하는 방법을 우선적으로 고려하도록 하여 과도한 민감정보의 처리를 방지하고 정보주체의 개인정보를 보다 두텁게 보호하고자 함(안 제23조제1항, 같은 조 제4항 신설).",14560,20250116
18,2206339,개인정보 보호법 일부개정법률안 (윤건영의원 등 12인),의원,정무위원회,"제안이유 및 주요내용



  최근 범죄 예방 및 재난 안전 관리의 중요성이 부각되면서 영상정보처리기기의 영상 정보를 활용한 지방자치단체ㆍ소방청ㆍ경찰청 등 공공기관 간의 신속한 업무 협조가 필요하다는 지적이 이어지고 있음.

  그러나 현행법은 개인정보의 목적 외 사용 사유로 범죄의 수사나 법원의 재판업무 수행 등 범죄 사후 조치에 필요한 경우만을 규정하고 있어 범죄의 예방과 재발방지, 재난ㆍ재해의 예방과 대응 등의 이유로 영상정보처리기기 영상정보의 활용이 어려운 상황임.

  이에 현행법에 범죄의 예방과 재발 방지, 재난ㆍ재해의 예방과 대응을 위하여 필요한 경우를 명시하여 공공기관 간의 신속한 업무 협조를 통한 국민의 안전을 보장하려는 것임(안 제18조제2항).",261,20241210
19,2205918,개인정보 보호법 일부개정법률안 (백혜련의원 등 10인),의원,정무위원회,"제안이유 및 주요내용



  현행법은 완전히 자동화된 시스템으로 개인정보를 처리하여 이루어지는 결정(이하 “자동화된 결정”이라 함)이 정보주체의 권리 또는 의무에 중대한 영향을 미치는 경우에 해당 개인정보처리자에 대하여 해당 결정을 거부할 수 있는 권리와 자동화된 결정에 대하여 설명 등을 요구할 수 있는 권리를 규정하고 있음.

  이는 사람의 개입 없이 인공지능(AI) 등을 활용하여 개인정보를 처리하는 과정에서 발생하는 정보주체인 국민과 개인정보처리자 간의 정보 비대칭 문제를 해소하기 위하여 도입된 제도임.

  그런데 인공지능을 활용하여 개인정보를 처리하는 경우가 급격하게 증가함에도 불구하고 현행법은 사람의 개입이 전혀 없는 자동화된 결정에 대하여만 정보주체의 거부권 등을 허용하고 있어 실질적으로 인공지능을 활용하여 처리되는 개인정보의 보호에 한계가 있다는 지적이 있음.

  이에 완전히 자동화된 시스템이 아닌 어느 정도 사람의 개입이 이루어지면서 자동화된 결정이 발생하는 경우에도 정보주체가 거부권 등을 행사할 수 있도록 하여 정보주체의 개인정보자기결정권을 강화하고, 개인정보를 두텁게 보호하고자 함(안 제4조제6호 및 제37조의2제1항).",2,20241127
20,2205645,개인정보 보호법 일부개정법률안 (김태호의원 등 12인),의원,정무위원회,"제안이유 및 주요내용



  현행법은 국내에 주소 또는 영업소가 없는 개인정보처리자는 개인정보 보호책임자의 업무, 개인정보 유출 등의 통지ㆍ신고 등을 대리하는 국내대리인을 지정하도록 하고 있고, 국내대리인을 지정하는 경우 국내대리인의 성명, 주소, 전화번호 등을 개인정보 처리방침에 포함하도록 하고 있음.

  그런데 국내대리인의 지정 요건에 국내 소재 외에 그 형태나 운영방식에 대한 별도의 규정이 없어 여러 국내대리인이 하나의 주소를 소재지로 하는 등 형식적으로 국내대리인을 지정하는 문제가 발생하고 있으며, 개인정보 처리방침에 국내대리인의 전화번호 등을 누락한 경우 별다른 제재수단이 없어 규정의 실효성이 낮다는 지적이 제기됨.

  이에 개인정보처리자가 국내 법인을 설립ㆍ운영 중인 경우 해당 법인을 국내대리인으로 지정하도록 하고, 국내대리인 지정 요건을 충족하지 아니하거나 개인정보 처리방침에 국내대리인의 전화번호 등을 포함하지 아니한 경우에 과태료를 부과하도록 하여 국내대리인 제도를 보다 내실있게 운영하고자 함(안 제31조의2제2항 및 제75조제3항ㆍ제4항).",3,20241118
21,2205040,개인정보 보호법 일부개정법률안 (이인영의원 등 10인),의원,정무위원회,"제안이유 및 주요내용



  현행법은 개인정보처리자가 보유기간의 경과, 개인정보의 처리 목적 달성, 가명정보의 처리 기간 경과 등 그 개인정보가 불필요하게 되었을 때에는 지체 없이 그 개인정보를 파기하도록 규정하고 있음.

  그러나 최근 티몬ㆍ위메프 미정산 사태와 같이 개인정보처리자가 폐업이나 파산 등으로 인하여 해당 서비스를 제공할 수 없는 경우에도 개인정보를 파기하도록 의무화하여 폐업이나 파산 등으로 인한 개인정보 유출을 방지할 필요가 있다는 의견이 제기됨.

  이에 개인정보의 파기 사유에 개인정보처리자의 폐업ㆍ파산을 추가하여 개인정보처리자의 폐업이나 파산으로 인한 개인정보 유출을 방지하고, 정보주체의 개인정보를 보다 두텁게 보호하고자 함(안 제21조제1항).",2,20241030
22,2205030,개인정보 보호법 일부개정법률안 (박정현의원 등 10인),의원,정무위원회,"제안이유 및 주요내용



  현재 국회에서는 개별법령에 따라 국정감사와 국정조사, 공직후보자의 인사청문회와 입법청문회 등을 실시하고 있음.

  이에 국회는 책무를 다하기 위해 행정부에 업무ㆍ사무를 감독ㆍ견제하고자 서류 제출을 요구하고 있으나, 대부분의 기관에서 개인정보를 이유로 일부 서류들을 제출하고 있지 않아 각 부처에서 담당하는 소관 사무가 적법하고 적절하게 이뤄지고 있는지 확인할 수 있는 방도가 없는 상황임.

  이에 개인정보의 제공 제한 제외 규정에 국회의 청문회 등에서 필요한 경우 개인정보를 제출할 수 있도록 규정을 신설하고자 함(안 제18조제2항제10호 신설).",1,20241030
23,2204531,개인정보 보호법 일부개정법률안 (양부남의원 등 15인),의원,정무위원회,"제안이유 및 주요내용



  현행법은 개인정보 보호위원회(이하 “보호위원회”라 함)가 공공기관 중 일부를 대상으로 매년 개인정보 보호 정책ㆍ업무의 수행 및 현행법에 따른 의무의 준수 여부 등을 평가(이하 “개인정보 보호수준 평가”라 함)하도록 하고, 보호위원회는 개인정보 보호수준 평가의 결과를 인터넷 홈페이지 등을 통하여 공개할 수 있도록 하고 있음.

  그런데 개인정보 보호수준 평가는 공공기관의 개인정보 침해 예방 등 개인정보 보호를 강화하기 위하여 필수적인 제도이므로 평가의 실효성을 제고하고, 국민의 알 권리를 충족시키기 위하여 평가를 받은 공공기관도 그 평가 결과를 공개할 필요가 있다는 의견이 제기됨.

  이에 개인정보 보호수준 평가를 받은 공공기관의 장이 그 평가 결과를 인터넷 홈페이지 등을 통하여 공개하도록 의무화하고, 개인정보 보호를 위하여 필요하다고 인정되어 개선 권고를 받은 공공기관의 장이 그 조치 결과를 인터넷 홈페이지 등에 공개하도록 하여 개인정보 보호수준 평가의 활용도와 실효성을 향상시키고자 함(안 제11조의2제3항부터 제5항까지).",4,20241004
24,2204467,개인정보 보호법 일부개정법률안 (이강일의원 등 12인),의원,정무위원회,"제안이유 및 주요내용



  현행법은 고정형 영상정보처리기기에 대한 정의를 규정하고, 그 설치 및 운영 근거를 두고 있음.

  그런데 이미 고정형 영상정보처리기기 통합관제센터가 지방자치단체에 설치ㆍ운영되고 있으며, 이러한 통합관제센터는 고정형 영상정보처리기기 운영자를 대신하여 수집된 개인정보를 이용하고, 범죄의 수사 등에 긴급히 필요한 경우 개인정보를 제3자에게 제공하는 등의 역할을 수행하고 있음에도, 현행법상 통합관제센터의 설치ㆍ운영에 대한 명확한 법적 근거가 미비하다는 지적이 있음.

  이에 지방자치단체의 장이 직접 또는 위탁받아 설치ㆍ운영하는 고정형 영상정보처리기기를 효율적으로 운영ㆍ관리하기 위하여 필요한 경우에 고정형 영상정보처리기기 통합관제센터를 운영할 수 있도록 하고 해당 통합관제센터에서 고정형 영상정보처리기기를 관제하는 업무에 종사하는 직원에 대한 결격사유 및 그들에 대한 개인정보 보호 교육에 관한 사항 등을 규정함으로써, 통합관제센터의 운영 근거를 명확하게 하고 정보주체의 개인정보를 강하게 보호하고자 하는 것임(안 제25조의3 신설).",6,20240930
25,2204100,개인정보 보호법 일부개정법률안 (이강일의원 등 13인),의원,정무위원회,"제안이유 및 주요내용



  현행법은 개인정보처리자가 개인정보를 처리할 때 개인정보에 관한 권리 또는 이익을 침해받은 사람이 개인정보 보호위원회에 그 침해 사실을 신고할 수 있다고 규정하고 있음.

  그런데 개인정보를 직접 침해받은 정보주체만 신고를 할 수 있도록 하고 있어 불특정 다수의 개인정보가 유출되더라도 당사자가 아니면 신고가 불가능하여 개인정보 침해에 대한 조치가 지연될 수 있다는 지적이 제기됨.

  이에 누구든지 개인정보처리자가 개인정보를 처리할 때 개인정보에 관한 권리 또는 이익을 침해한 사실을 알게 된 경우에는 개인정보 보호위원회에 그 침해 사실을 신고할 수 있도록 하여 정보주체의 권리 보호를 강화하고자 함(안 제62조제1항).",5,20240920
26,2204077,개인정보 보호법 일부개정법률안 (이강일의원 등 13인),의원,정무위원회,"제안이유 및 주요내용



  현행법은 개인정보의 열람, 전송, 정정ㆍ삭제, 처리정지 및 동의 철회 등의 요구(이하 “열람등요구”라 함)를 문서 등으로 대리인이 할 수 있도록 하면서 만 14세 미만 아동의 경우는 그 법정대리인이 개인정보처리자에게 그 아동의 개인정보 열람등요구를 할 수 있도록 규정하고 있음.

  그런데 아동에 대한 범죄 주체가 법정대리인인 경우 그 법정대리인에 의하여 아동의 개인정보 침해행위가 발생하더라도 이를 해소하는데 제약이 발생할 수 있고, 그 아동의 개인정보에 대한 권리 행사가 제한되거나 침해받을 수 있다는 문제가 제기됨.

  이에 법정대리인이 그의 아동에 대한 아동학대행위자인 경우 해당 아동의 거주지를 관할하는 지방자치단체의 장 또는 아동보호전문기관의 장이 그 아동의 개인정보 열람등요구를 할 수 있도록 함으로써 아동의 개인정보를 보다 두텁게 보호하고자 하는 것임(안 제38조제2항 단서 신설).",5,20240919
27,2203968,개인정보 보호법 일부개정법률안 (김태선의원 등 15인),의원,정무위원회,"제안이유 및 주요내용



  현행법은 국가와 지방자치단체가 14세 미만 아동이 개인정보 처리의 영향과 정보주체의 권리 등을 명확하게 알 수 있도록 14세 미만 아동의 개인정보 보호에 필요한 시책을 마련하도록 하고, 개인정보처리자는 14세 미만 아동의 개인정보를 처리하기 위하여 그 법정대리인의 동의를 받아야 하며 아동에게 개인정보 처리와 관련한 사항의 고지 등을 할 때 이해하기 쉬운 양식과 알기 쉬운 언어를 사용하도록 하고 있습니다. 

  그런데 아동ㆍ청소년의 온라인 노출이 일상화되고 아동ㆍ청소년의 개인정보 침해 위험이 높아지고 있는 상황에서 현행법상 아동ㆍ청소년의 개인정보 보호 수준이 미흡하다는 지적이 제기되고 있습니다. 

  이에 국가와 지방자치단체가 19세 미만 아동ㆍ청소년의 개인정보 보호에 필요한 시책을 마련하되, 14세 미만 아동과 14세 이상 19세 미만 청소년의 시책을 각각 별도로 마련하도록 하고, 개인정보 보호위원회가 개인정보의 처리에 관한 기준, 개인정보 침해의 유형 및 예방조치 등에 관한 표준 개인정보 보호지침을 정할 때 14세 미만 아동을 위한 지침을 별도로 정하도록 하며, 개인정보처리자가 19세 미만 아동ㆍ청소년에게 정보주체의 권리를 이해하기 쉽게 안내하도록 하여 아동ㆍ청소년의 개인정보를 보다 두텁게 보호하고자 합니다(안 제5조제3항 및 제12조제1항, 제22조의2제4항 신설 등).",3,20240912
28,2203792,개인정보 보호법 일부개정법률안 (정준호의원 등 12인),의원,정무위원회,"제안이유 및 주요내용



  현행법은 정보주체가 개인정보를 열람, 전송, 정정ㆍ삭제, 처리정지 및 동의 철회, 자동화된 결정에 대한 거부·설명 등의 요구(이하 “열람등요구”라 함)를 할 수 있도록 하고, 개인정보처리자는 열람등요구를 하는 자에게 수수료와 우송료를 청구할 수 있도록 규정하고 있음.

  그런데 「개인정보 보호법 시행령」에서 수수료와 우송료의 금액은 열람등요구에 필요한 실비의 범위에서 해당 개인정보처리자가 정하는 바에 따르도록 규정하고 있어, 수수료가 개인정보처리자의 주관적인 기준에 의하여 결정됨으로써 그 편차가 크게 발생하고, 정보주체에게 수수료가 과도하게 청구됨으로써 열람등요구를 포기하게 만들어 정보주체의 권리행사가 제한된다는 지적이 제기됨.

  이에 개인정보처리자가 열람등요구를 하는 자에게 가명처리에 소요되는 비용 등 열람등요구에 필요한 실비의 범위에서 대통령령으로 정하는 기준 및 방법에 따라 수수료와 우송료를 산정하여 청구할 수 있도록 규정하여 수수료에 대한 구체적인 기준을 정하도록 하고, 수수료 부과의 형평성을 제고함으로써 정보주체의 권리 보장을 강화하고자 함(안 제38조제3항).",4,20240909
29,2202580,개인정보 보호법 일부개정법률안 (황희의원 등 14인),의원,정무위원회,"제안이유 및 주요내용



  생체정보는 안면인식을 활용한 출입통제, 스마트폰 잠금해제, 금융권의 본인인증 등 다양한 분야에서 활용되고 있으며, 향후 그 이용이 일상화되고 보다 확대될 것으로 전망됨.

  「출입국관리법」 및 「항공보안법」에서는 본인 일치 여부 확인 등에 활용되는 사람의 지문ㆍ얼굴ㆍ홍채 및 손바닥 정맥 등 개인을 식별할 수 있는 신체적 특징에 관한 정보를 생체정보로 정의하고, “생체정보를 「개인정보 보호법」에 따라 처리한다”라고 규정하고 있음. 

  그런데 현행 「개인정보 보호법」에는 생체정보에 대한 용어를 사용하거나 개념을 정의하고 있지 않으며, 동법 시행령에서 민감정보의 한 유형으로 규정하고 있어, 생체정보 유출의 위험성, 생체정보의 활용도 등을 고려할 때 생체정보 관련 사항을 법률에 명시적으로 규정하여 생체정보의 보호를 강화할 필요가 있다는 의견이 있음.

  이에 현행법에 민감정보의 유형으로 지문ㆍ얼굴ㆍ홍채 및 손바닥 정맥 등 개인을 식별할 수 있는 신체적 특징에 관한 정보를 추가하여 생체정보 관련 근거를 마련하고, 정보주체의 개인정보를 보다 두텁게 보호하고자 함(안 제23조제1항).",267,20240806
30,2202415,개인정보 보호법 일부개정법률안 (황운하의원 등 10인),의원,정무위원회,"제안이유 및 주요내용



  현행법은 정보주체는 개인정보처리자가 이 법을 위반한 행위로 손해를 입으면 개인정보처리자에게 손해배상청구를 할 수 있고, 개인정보처리자의 고의 또는 과실로 인하여 개인정보가 분실ㆍ도난ㆍ유출ㆍ위조ㆍ변조 또는 훼손된 경우에 300만원 이하의 범위에서 상당한 금액을 손해액으로 하여 배상을 청구할 수 있도록 하고 있음.

  그런데 최근 온라인 플랫폼 기업에서 개인정보 유출 사고가 발생하여 수많은 정보주체가 피해를 입었으나, 정보주체의 손해배상 청구가 없었다는 이유로 배상을 하지 않은 경우가 있어 이에 대한 개선책 마련이 필요하다는 의견이 제기됨.

  이에 개인정보처리자가 개인정보의 분실ㆍ도난ㆍ유출을 알게 되었을 때 지체 없이 정보주체에게 알려야 하는 사항에 정보주체의 손해배상 청구에 관한 정보를 포함하도록 하여 개인정보를 보다 두텁게 보호하고 개인정보 유출 등으로 인한 피해 구제를 강화하고자 함(안 제34조제1항제6호 신설).",14,20240731
31,2202395,개인정보 보호법 일부개정법률안 (황운하의원 등 11인),의원,정무위원회,"제안이유 및 주요내용



  현행법상 개인정보처리자는 개인정보 주체의 동의를 받은 경우 보유하고 있는 개인정보를 제3자에게 제공할 수 있음.

  그런데 최근 한 온라인 플랫폼기반 마이테이터 사업자가 보험상담 서비스로 이용자들을 유인한 뒤 개인정보의 유상판매에 관하여 명확하게 고지하지 아니하고 개인정보를 보험설계사에게 유상판매하여 정보주체의 권리 침해 논란이 발생하였음.

  이에 개인정보처리자가 개인정보의 제3자 제공에 대한 동의를 받을 때 정보주체에게 개인정보를 유상으로 제공한다는 사실 및 개인정보처리자가 제3자로부터 지급받는 대가의 내용을 알리도록 하여 정보주체의 권리 보호를 강화하려는 것임(안 제17조제2항, 제18조제3항, 제20조제1항 및 제22조제1항).",1,20240730
32,2202313,개인정보 보호법 일부개정법률안 (김도읍의원 등 10인),의원,정무위원회,"제안이유 및 주요내용



  현행법은 고유식별정보의 처리 제한에 관하여 규정하고 있으며, 고유식별정보 중 주민등록번호의 경우 별도의 규정을 두어 더욱 엄격한 요건 하에서 처리하도록 하여 그 처리 제한을 강화하고 있음.

  그런데 현행법상 고유식별정보 처리 제한 위반에 대하여는 5년 이하의 징역 또는 5천만원 이하의 벌금에 처하도록 하여 형사처벌의 벌칙규정을 두고 있는 반면, 보다 엄격한 요건을 규정하고 있는 주민등록번호의 처리 제한 위반에 대하여는 3천만원 이하의 과태료만을 부과하도록 하고 있어 그 제재수준에 불균형이 발생한다는 지적이 있음.

  이에 주민등록번호 처리 제한 위반에 대하여 고유식별정보 처리 제한 위반과 동일하게 5년 이하의 징역 또는 5천만원 이하의 벌금에 처하도록 하여 제재수준의 불균형을 해소하고, 주민등록번호 처리 제한에 대한 처벌을 강화하여 개인정보를 보다 두텁게 보호하고자 함(안 제71조제5호, 제75조제2항제7호 삭제).",2,20240726
33,2201471,개인정보 보호법 일부개정법률안 (백혜련의원 등 10인),의원,정무위원회,"제안이유 및 주요내용



  2023년 3월 개정된 「개인정보 보호법」은 국가와 지방자치단체가 만 14세 미만 아동이 개인정보 처리의 영향과 정보주체의 권리 등을 명확하게 알 수 있도록 만 14세 미만 아동의 개인정보 보호에 필요한 시책을 마련하도록 하고 있음.

  그런데 만 14세 미만 아동뿐만 아니라 만 14세 이상 18세 미만의 청소년은 온라인 활동이 더욱 활발하여 개인정보 유출 등 개인정보 침해 가능성이 높고, 정보주체로서 개인정보 자기결정권을 제대로 행사할 필요가 있으므로 이들의 개인정보 보호에 필요한 시책도 마련해야 한다는 의견이 제기됨.

  이에 국가와 지방자치단체가 개인정보 보호에 필요한 시책 마련을 하여야 하는 대상 연령을 만 14세 미만 아동에서 아동에 관한 모든 활동에 있어서 아동의 이익이 최우선적으로 고려되어야 한다는 기본 이념을 가진 「아동복지법」상 아동의 정의인 18세 미만 아동으로 확대하여 디지털 환경에 노출이 많은 아동·청소년의 개인정보 보호를 보다 강화하고자 함(안 제5조제3항).",3,20240708
34,2200754,개인정보 보호법 일부개정법률안 (한민수의원 등 14인),의원,정무위원회,"제안이유 및 주요내용

  현행법은 고유식별정보의 처리 제한에 관하여 규정하고 있으며, 고유식별정보 중 주민등록번호의 경우 별도의 규정을 두어 더욱 엄격한 요건 하에서 처리하도록 하여 그 처리 제한을 강화하고 있음.

  그런데 현행법상 고유식별정보 처리 제한 위반에 대하여는 5년 이하의 징역 또는 5천만원 이하의 벌금에 처하도록 하여 형사처벌의 벌칙규정을 두고 있는 반면, 보다 엄격한 요건을 규정하고 있는 주민등록번호의 처리 제한 위반에 대하여는 3천만원 이하의 과태료만을 부과하도록 하고 있어 그 제재수준이 불균형하다는 지적이 있음.

  이에 주민등록번호 처리 제한 위반에 대하여 고유식별정보 처리 제한 위반과 동일하게 5년 이하의 징역 또는 5천만원 이하의 벌금에 처하도록 하여 제재수준의 불균형을 해소하고 주민등록번호 처리 제한에 대한 처벌을 강화하여 개인정보를 보다 두텁게 보호하는 한편, 주민등록번호 처리 제한 위반 요건을 기존 고시가 아닌 대통령령으로 정하도록 하여 죄형법정주의 위반 우려를 완화하고자 함(안 제24조의2제1항제3호, 제71조제5호, 제75조제2항제7호 삭제).",4,20240620
35,2200519,개인정보 보호법 일부개정법률안 (김한규의원 등 14인),의원,정무위원회,"제안이유 및 주요내용



  현행법에는 시간ㆍ비용ㆍ기술 등을 합리적으로 고려할 때 다른 정보를 사용하여도 더 이상 개인을 알아볼 수 없는 정보는 이 법을 적용하지 않도록 하여, 익명처리된 개인정보는 이 법의 규율대상이 아님을 명시하고 있음.

  그런데 개인정보를 익명처리 할 경우 익명처리의 절차와 적정성 보장 및 평가 등에 관한 사항이 법률에 규정되어 있지 않아 개인정보의 익명처리에 대한 안전성이 담보되지 않으며, 익명처리된 개인정보의 활용에 있어 한계가 있다는 지적이 제기됨.

  이에 법률에 개인정보의 익명처리에 대한 정의 규정을 추가하고, 익명처리에 관한 적정성 심사 및 익명처리의 적성성 평가를 전문적으로 하는 기관에 대한 근거를 마련하여 익명처리와 관련한 데이터산업의 활성화를 도모하고자 함(안 제28조의8 및 제28조의9 신설 등).",5,20240614
